K-mer,Integer
TGGAA,1
GGAAA,2
AAGAA,3
GAAAA,4
ATGGA,5
GAAGA,6
GGAAG,7
AAAGA,8
AGAAA,9
AGGAA,10
AAAAA,11
AGAGA,12
AGAAG,13
GAGAA,14
CATGG,15
TGGGA,16
AGGAG,17
AAGGA,18
GAAAG,19
AAAAG,20
GGGAA,21
GAGGA,22
AAGAG,23
GGAGA,24
GTGGA,25
GATGG,26
AATGG,27
TGGAG,28
CTGGA,29
ACATG,30
AGAGG,31
CAACA,32
CAGAA,33
GAAGG,34
CAGGA,35
TTGGA,36
AACAT,37
ACAGA,38
AAACA,39
TGACA,40
AAAGG,41
CAAAA,42
GAACA,43
TGTGG,44
AGTGG,45
ATGGG,46
AAAAC,47
AGAAC,48
TGGAT,49
AACAG,50
AACAA,51
TGAAA,52
ACAAA,53
AAATG,54
ATGGC,55
GAGAG,56
CACAA,57
TGAAG,58
TGGAC,59
GGATG,60
ACACA,61
CAAGA,62
AGATG,63
GGAAC,64
ACAAC,65
AATGA,66
CACAG,67
GGACA,68
CAATG,69
GAAAC,70
CAGAG,71
TGGCA,72
AAAAT,73
AGCAG,74
GAAGC,75
AACCA,76
CAAAG,77
ATGAA,78
ACCAA,79
AGACA,80
CCAGA,81
TGGTG,82
TCACA,83
GACAT,84
GGAAT,85
GAAAT,86
AAGAC,87
GATGA,88
GACAA,89
GGAGT,90
GGAGG,91
GCTGG,92
TGATG,93
ACAGC,94
AGGGA,95
TCATG,96
CAGCA,97
AAGAT,98
GGAGC,99
ACTGG,100
CACCA,101
TGAGA,102
ACAAG,103
AGCTG,104
ACCAG,105
ATGGT,106
GGGAG,107
AGCCA,108
CCATG,109
AACAC,110
ATTGG,111
GAATG,112
GCCAT,113
CATCA,114
AGCAA,115
GACAG,116
AGGAC,117
CTTGG,118
TGCTG,119
TGGCT,120
AGAAT,121
CCTGG,122
GCAAA,123
TCAAA,124
GAGAT,125
GAACC,126
GGCTG,127
TTTGG,128
TTGTG,129
TTCAA,130
CATGA,131
AAGGG,132
CCACA,133
CATTG,134
CCAAA,135
AAACC,136
CCAAC,137
AGACC,138
CAGTG,139
AAGCA,140
GAGAC,141
ATGTG,142
CTGGG,143
ACAGG,144
TTGGG,145
GACAC,146
GACCA,147
AAGTG,148
TATGG,149
GAGCA,150
GGCCA,151
GCAGC,152
GCTGA,153
ATGAC,154
CACAC,155
CTGAA,156
TTGAA,157
CACTG,158
GGACT,159
GAAGT,160
ATGAT,161
ACCCA,162
TTCCA,163
GGCAG,164
AGGAT,165
ATCAT,166
AAGCT,167
ATTGA,168
TCAAG,169
AAAGT,170
ACCAT,171
AACTG,172
TAGAG,173
CATAG,174
CAAGG,175
GGTGA,176
CAGCC,177
ACACC,178
GTGGT,179
TAGGA,180
ATCAA,181
TGGTT,182
CAAAC,183
TAACA,184
ATGCT,185
GAGTG,186
ACATT,187
GGCAA,188
GTGAA,189
AGGCA,190
AAAGC,191
GGGGA,192
ACAAT,193
TTTCA,194
ACTGA,195
AAACT,196
TGTCA,197
GCAGG,198
GTGTG,199
AGAGC,200
AATCA,201
TCCAA,202
GCAGA,203
CAGCT,204
CCAGG,205
AGAGT,206
CATGC,207
CAAAT,208
TGGGG,209
TTTTG,210
TTCAC,211
CCAAT,212
GATGT,213
ACCAC,214
GAACT,215
TGGCC,216
CCCAA,217
AACCC,218
TCAGG,219
AAATC,220
GATTG,221
TGTTG,222
ATGAG,223
TGTGT,224
ATCCA,225
CCATA,226
CAACC,227
CCCAG,228
CAACT,229
GTGAC,230
TGTGA,231
TCTGG,232
TCAGA,233
ATAGA,234
AGTCA,235
CTCAA,236
GTGGG,237
CTTCA,238
GAGGC,239
GACCT,240
CCAAG,241
TGCCA,242
GACTT,243
ATCAC,244
GCCAC,245
AGTGA,246
GCACA,247
ATAGG,248
TACAA,249
GACTG,250
AGGTG,251
CAGAC,252
ACATC,253
ATTTT,254
CCATT,255
AGCAT,256
CTGGC,257
CTCAT,258
TGAAC,259
CAATA,260
TTGGC,261
GGATT,262
GATCA,263
CTGTG,264
AGGCT,265
GCTGT,266
TGAGG,267
ACATA,268
GGGAC,269
TCCAG,270
ACACT,271
GCAAT,272
GAGTT,273
CTGGT,274
TTGAT,275
ATCAG,276
TCTTG,277
AAATT,278
AATGC,279
TACCA,280
GTGGC,281
TGACC,282
AATTG,283
TAAAA,284
TGCAG,285
GTTGG,286
CAGAT,287
AGACT,288
GGTGG,289
GTTGA,290
AGATC,291
TCTCA,292
CTTGA,293
GGACC,294
CCACT,295
TCCAT,296
AATGT,297
GCTCA,298
CTATG,299
TCAAC,300
AAGCC,301
GAGGG,302
CTCAG,303
TTGAC,304
ACCTG,305
TGGGC,306
CCATC,307
AGGGG,308
TCATA,309
TAATG,310
CATAC,311
GAATT,312
CATGT,313
GTCAT,314
ACTCA,315
TGCAA,316
TAGAA,317
GACCC,318
GTGCA,319
CCTCA,320
CAGGC,321
ATGCC,322
CACAT,323
GGGAT,324
GAGCC,325
CATTT,326
GAGCT,327
TGGGT,328
GCTGC,329
AATCC,330
CTCCA,331
AAATA,332
CTGAC,333
ATGCA,334
GATCT,335
TTTGA,336
ACAGT,337
AGATT,338
TCAAT,339
CTGAT,340
ATACA,341
TATCA,342
AACTC,343
GTCAC,344
GCCAA,345
GCCAG,346
TTTTT,347
AACCT,348
GGATC,349
GCAGT,350
GTCAA,351
ATTCA,352
GTGAT,353
TTGAG,354
CGGAA,355
CCCAT,356
ATCTT,357
ATATG,358
GGTTG,359
CCACC,360
TGATT,361
GTTTG,362
GAATC,363
GTGCT,364
GCAAC,365
GCTTG,366
AAGGT,367
CTTTG,368
GGCTA,369
GCTAT,370
CCAGT,371
TCCAC,372
AATAG,373
AGTTG,374
GTGTT,375
GCATG,376
TCACT,377
CCTGA,378
AGCTA,379
AAGGC,380
GTCAG,381
ATGTC,382
AAGTC,383
GGTGC,384
CAGGG,385
AAGTT,386
TTATG,387
ACTTT,388
CTTTT,389
TCCCA,390
CTAGA,391
GCCCA,392
GGTCA,393
TGGTC,394
CACTC,395
TCCTG,396
TGATA,397
CTGAG,398
GGCAT,399
GGTGT,400
AGTGT,401
CAAGT,402
GTTCA,403
AATAT,404
TGCAC,405
GAGGT,406
GATAG,407
CCCCA,408
AACTT,409
GATTT,410
GTGAG,411
TTGGT,412
CAGGT,413
CTACA,414
TACAT,415
ACTTG,416
ACTGT,417
AATAA,418
TGGTA,419
CATAT,420
GGCAC,421
CTCTG,422
CCAGC,423
AGCCT,424
AAACG,425
CTCCT,426
TCAGC,427
CCTTG,428
TTTTC,429
TTTGT,430
GGGCT,431
CTGCT,432
GGATA,433
GTGTC,434
GGCTT,435
ACCTT,436
CCCTG,437
TGATC,438
GTTGT,439
TGACT,440
TTACA,441
GGGCC,442
TGCTC,443
GCTCT,444
GAATA,445
CATCT,446
CTCTT,447
ACCCT,448
ATAAC,449
GGTTT,450
CTTTC,451
ACTCC,452
GCAAG,453
AGTGC,454
ACCTA,455
AGCTC,456
ATGTT,457
TTCAG,458
CTGCA,459
TTAGA,460
ATTTG,461
CTCAC,462
GGGTG,463
TGTTC,464
TCATT,465
ATTGT,466
ATTCC,467
AGTTC,468
GGTTC,469
ACTCT,470
GGGTT,471
TGTGC,472
TGAAT,473
CGTGG,474
TTGCA,475
TCTTT,476
AGGTT,477
TCACC,478
CTGTT,479
TAGTG,480
CAATC,481
CACCC,482
GACTA,483
AACTA,484
TACAG,485
TTAAA,486
TTCAT,487
AGCTT,488
CAGTT,489
AGGCC,490
ACCCC,491
CATCC,492
ACGTG,493
AGCGG,494
ATTTC,495
AGTTT,496
GTTTT,497
GCCTG,498
ATAAA,499
CACTT,500
CAAGC,501
CATAA,502
CCCAC,503
CCTTT,504
TAGCA,505
ATAGC,506
ACTGC,507
TTCTC,508
ACTTC,509
AATTC,510
AGCCC,511
TATTG,512
TGCTA,513
CATTC,514
GAGTC,515
CATTA,516
GAACG,517
TCATC,518
GCATT,519
ACTAG,520
ATACC,521
TGTTT,522
GTCCA,523
GTTCT,524
AATTT,525
ATCTC,526
AATAC,527
TATGC,528
ACGGA,529
GGGGC,530
CAATT,531
TTGCT,532
GTCTT,533
GGCCC,534
TCTCT,535
TTTTA,536
TCCTC,537
ATCCC,538
AGTCT,539
CGAAA,540
AGCAC,541
CACCT,542
GCCTT,543
AATCT,544
ATTCT,545
GTTCC,546
TTGTT,547
GATCC,548
TTCTG,549
CCCTT,550
CAACG,551
GTACA,552
GGCTC,553
TAAGA,554
GCACT,555
GCTTT,556
CTAGG,557
TCTCC,558
AGATA,559
CGGAG,560
TACTG,561
TTCTT,562
ATCCT,563
CCTTC,564
CTAAC,565
TCTTC,566
ATACT,567
AGGTC,568
GCCCT,569
CACTA,570
ATAAT,571
TTTCC,572
TGCTT,573
TTTCT,574
ACCTC,575
TAAAG,576
AACGC,577
CAGTC,578
ATTGC,579
CGAGA,580
ACTAC,581
GCATA,582
GCTAG,583
TTCCT,584
CGTGA,585
CCGGA,586
AGCCG,587
GCTAA,588
CTGCC,589
GATTC,590
GGGGG,591
TATGA,592
TCCTT,593
GCATC,594
GATGC,595
ACTTA,596
TGTAC,597
ATAGT,598
CTCTC,599
TGAGC,600
TAGAC,601
ATCTG,602
GCTAC,603
CTTCC,604
GATAC,605
AACGA,606
CTAAT,607
GGTTA,608
ATATT,609
CCTAG,610
ACACG,611
AGGGC,612
AGTTA,613
ATATC,614
ACTAT,615
ATCTA,616
ATTAT,617
TTTAA,618
GGGCA,619
CACGA,620
GGACG,621
TCTGA,622
AGGGT,623
TCTTA,624
CACGG,625
AACGG,626
AATTA,627
TGCAT,628
GGCCT,629
ACTAA,630
AGACG,631
TGGCG,632
TCAGT,633
CTTAG,634
ACGCA,635
ACGCT,636
GCTCC,637
ATGTA,638
GATAA,639
GTAGA,640
CCTTA,641
TTAGG,642
CTAGC,643
CGAAG,644
AGTAG,645
CCTAC,646
TAGGG,647
GGGGT,648
CCTCC,649
ACGAA,650
GTTAT,651
CTTAC,652
TACAC,653
GTTAG,654
GTCTC,655
GTCCT,656
CTCCC,657
CTTCT,658
CGGGA,659
AACGT,660
GACGT,661
TCCCT,662
TCTAG,663
GTGCC,664
ATTAA,665
TGCCT,666
TCACG,667
CTATC,668
GCTTC,669
TGCCC,670
TCGTG,671
CAGTA,672
GGTAG,673
CAGCG,674
CCTCT,675
TTTGC,676
CTGTC,677
CCCTC,678
CTAAA,679
CTCTA,680
CTTGC,681
TGTCT,682
GACTC,683
CTATT,684
CTTAA,685
TTCTA,686
GCGGC,687
AAGTA,688
GAGTA,689
TGTCC,690
GATAT,691
TATAG,692
TCTAT,693
CCACG,694
GGTCT,695
ATTAC,696
TCTAA,697
TCCTA,698
GCGAA,699
CGGCA,700
CACGC,701
GCACC,702
GACGG,703
CCCCC,704
TAGCC,705
CCTGT,706
GTTTC,707
TAGGC,708
CTTGT,709
ACGGC,710
TAGCT,711
GCGGA,712
TTGTC,713
CGACA,714
TACCT,715
GCGTG,716
CGCTG,717
CCTAT,718
CGTCA,719
AGTCC,720
TTAAG,721
GATTA,722
GCCGG,723
AGTAC,724
TATGT,725
GGTCC,726
GGTAC,727
TTATT,728
TCGGA,729
CTACC,730
TTTAG,731
GTCTG,732
GTTGC,733
CTACT,734
CTTAT,735
CCCCT,736
AGGTA,737
TGACG,738
AACCG,739
TTGCC,740
ACGTC,741
CCTGC,742
ACGAG,743
TATTC,744
TCTGC,745
ACGGG,746
CCCTA,747
TTAAC,748
TGTTA,749
AGTAT,750
CGCAG,751
ATTAG,752
TATTT,753
TACTC,754
CTTTA,755
CGGCT,756
GGTAA,757
TAATA,758
CTACG,759
TTCCC,760
GCCTC,761
CGCAA,762
TGAGT,763
TCCCC,764
CCTAA,765
TATCT,766
GTACC,767
TGTCG,768
CGTGT,769
CTGTA,770
GAGCG,771
GCACG,772
ACGCC,773
TAGAT,774
CTATA,775
ACGGT,776
GGGTC,777
TTAAT,778
TACTA,779
CGCCA,780
GCCCC,781
CCGAA,782
GCCGT,783
TTACC,784
GTACT,785
CGAGG,786
GGCCG,787
CTAGT,788
GTATG,789
TAGTC,790
GTAGG,791
ACGAC,792
TGCGG,793
ACCGA,794
GGTAT,795
CACGT,796
GTTAA,797
GTCCC,798
AGGCG,799
TGCCG,800
GGCGT,801
GGCGA,802
CGATG,803
CCGCA,804
TTAGC,805
TTTAT,806
CTGCG,807
ACGTT,808
TCTGT,809
GACGA,810
GGGTA,811
CACCG,812
GTAGT,813
CGGAT,814
TCTAC,815
GCCGA,816
GTTAC,817
CGGCC,818
CCGTG,819
TAACC,820
TAGGT,821
GGCGG,822
CGCTC,823
CGGTG,824
GTAAA,825
AGTAA,826
AGCGA,827
ATTTA,828
AAGCG,829
TACGG,830
GCCTA,831
GACGC,832
TCGAG,833
GTAAT,834
GTGTA,835
TACTT,836
TACGT,837
TAAAC,838
TGCGT,839
GCCGC,840
TTTAC,841
TTACT,842
CTAAG,843
GGGCG,844
ATATA,845
AGTCG,846
CGCAC,847
ACGAT,848
GCGGG,849
GTATC,850
GTCGA,851
TGTAT,852
GCGCA,853
TTATC,854
GTATT,855
ATGCG,856
TATTA,857
GTTCG,858
GCTTA,859
GTAGC,860
CGGGG,861
CGTTG,862
TTAGT,863
GCGTT,864
CGTGC,865
TTATA,866
CGCAT,867
TACGC,868
CCGGG,869
ACCGC,870
CGGAC,871
GTTTA,872
GTCGG,873
GCGAG,874
CGAAC,875
GTCGT,876
TAAAT,877
CCGTC,878
CATCG,879
TAATT,880
CCGAG,881
TGCGA,882
TAAGG,883
GGCGC,884
TAGTT,885
ACGTA,886
TGTAG,887
TAGCG,888
TGTAA,889
TATCC,890
GTCTA,891
TATAT,892
TATAA,893
GCGCT,894
GATCG,895
TTCGA,896
GTGCG,897
CGTCT,898
TAATC,899
GTACG,900
ATCGG,901
AGCGC,902
CCGAC,903
TCGGC,904
TTGCG,905
CGCTA,906
CGTCC,907
TACCC,908
GCGGT,909
CGACC,910
ACCGT,911
TCGCT,912
CGTTC,913
ACCCG,914
TAGTA,915
TTCGT,916
ACTCG,917
ACCGG,918
CGCTT,919
CGTAG,920
ATCGT,921
TCGAA,922
GACCG,923
CCCGG,924
CGGTT,925
TCGAC,926
ATAAG,927
GTAAC,928
CCCGA,929
TAACT,930
CTTCG,931
ATCGA,932
CCGCT,933
CGACT,934
CGTTT,935
AATCG,936
CCCCG,937
TTACG,938
CCGCC,939
ACGCG,940
CGGGC,941
TAAGC,942
AGCGT,943
GTATA,944
TGCGC,945
TTTCG,946
CTCCG,947
CTCGG,948
CGATC,949
TCGCA,950
CTCGA,951
GGTCG,952
TCGTC,953
TTCGG,954
TTCCG,955
TCGAT,956
CCGAT,957
CGATA,958
GCGAT,959
ATACG,960
GCGAC,961
CGAGC,962
TATAC,963
GTAAG,964
CCCGC,965
GCGTC,966
TCTCG,967
CGTTA,968
CGCCT,969
ATCGC,970
TAACG,971
CTCGC,972
CTCGT,973
CGCGA,974
TTGTA,975
TCCGG,976
CGTAC,977
TCCCG,978
CCTCG,979
CGCGT,980
GCTCG,981
TCCGA,982
GCCCG,983
CCGTT,984
TCGGG,985
CGCCC,986
GTCGC,987
CCCGT,988
CGCCG,989
TTCGC,990
TCGTT,991
CGAAT,992
CGGTA,993
CGATT,994
CGGGT,995
GCGCC,996
TATCG,997
TACCG,998
CGAGT,999
CGTCG,1000
ATCCG,1001
TCGCC,1002
TCCGT,1003
CCGCG,1004
TACGA,1005
TCCGC,1006
CCGTA,1007
CGACG,1008
CGGTC,1009
ATTCG,1010
GCGTA,1011
CGCGG,1012
CCGGT,1013
CCGGC,1014
CGTAT,1015
CGGCG,1016
TCGTA,1017
TCGCG,1018
GCGCG,1019
TCGGT,1020
CGTAA,1021
TAAGT,1022
GTCCG,1023
CGCGC,1024
